{
    "cat1072931639342153818": {
        "url": "https://cdn.discordapp.com/ephemeral-attachments/1072032931477987350/1072931639342153818/meo-vang-om-nhau-noi-toi-cong-chien-roi-kia.jpg",
        "author": "ducnhatnee#5811",
        "time": "2023-02-08T17:27:18.018000+00:00",
        "isPublic": "false"
    },
    "cat1072931585965436968": {
        "url": "https://cdn.discordapp.com/ephemeral-attachments/1072032931477987350/1072931585965436968/meo-nam-o-cau-thang-nhin-ra-ve-ngay-tho.jpeg",
        "author": "ducnhatnee#5811",
        "time": "2023-02-08T17:27:05.326000+00:00",
        "isPublic": "true"
    },
    "cat1072931514830036992": {
        "url": "https://cdn.discordapp.com/ephemeral-attachments/1072032931477987350/1072931514830036992/8797cd7153c86f8fc1be2c005a9fc3e1meo-cute-de-thuong.jpg",
        "author": "ducnhatnee#5811",
        "time": "2023-02-08T17:26:48.379000+00:00",
        "isPublic": "true"
    }
}
