{"image0":{"url":"https://i.imgur.com/e9vOzM8.jpg","author":"ducnhatnee#5811","isPublic":"false"},"image1":{"url":"https://i.imgur.com/DTjt0gz.jpg","author":"ducnhatnee#5811","isPublic":"false"},"image2":{"url":"https://i.imgur.com/jfAE4av.png","author":"ducnhatnee#5811","isPublic":"false"},"image3":{"url":"https://i.imgur.com/zqzeD0O.jpg","author":"ducnhatnee#5811","isPublic":"false"},"image":{"url":"https://i.imgur.com/cjwEuyf.png","author":"ducnhatnee#5811","isPublic":"false"},"girl1072948437802307584":{"url":"https://cdn.discordapp.com/ephemeral-attachments/1072032931477987350/1072948437802307584/328948357_551726163568719_1628439826206645235_n.jpg","author":"ducnhatnee#5811","time":"2023-02-08T18:34:03.115000+00:00","isPublic":"true"}}