{"meme1072945100616896582":{"url":"https://cdn.discordapp.com/ephemeral-attachments/1072032931477987350/1072945100616896582/cho-cuoi-nham-hiem-truoc-vuon-can.webp","author":"ducnhatnee#5811","time":"2023-02-08T18:20:47.449000+00:00","isPublic":"true"},"meme1072945065762242580":{"url":"https://cdn.discordapp.com/ephemeral-attachments/1072032931477987350/1072945065762242580/cho-up-mat-vao-tuong-toi-tram-cam-mat-roi.webp","author":"ducnhatnee#5811","time":"2023-02-08T18:20:39.230000+00:00","isPublic":"true"},"meme1072944996489121842":{"url":"https://cdn.discordapp.com/ephemeral-attachments/1072032931477987350/1072944996489121842/nobita-noi-cho-la-ban-deo-phai-toi.webp","author":"ducnhatnee#5811","time":"2023-02-08T18:20:22.778000+00:00","isPublic":"true"}}